-- Создать расширение pgvector если не существует
CREATE EXTENSION IF NOT EXISTS vector;

-- Очистить тестовые данные если они существуют
DELETE FROM links WHERE source_note_id IN (
    'a0000000-0000-0000-0000-000000000001',
    'a0000000-0000-0000-0000-000000000002',
    'a0000000-0000-0000-0000-000000000003',
    'a0000000-0000-0000-0000-000000000004'
);
DELETE FROM note_embeddings WHERE note_id IN (
    'a0000000-0000-0000-0000-000000000001',
    'a0000000-0000-0000-0000-000000000002',
    'a0000000-0000-0000-0000-000000000003',
    'a0000000-0000-0000-0000-000000000004'
);
DELETE FROM notes WHERE id IN (
    'a0000000-0000-0000-0000-000000000001',
    'a0000000-0000-0000-0000-000000000002',
    'a0000000-0000-0000-0000-000000000003',
    'a0000000-0000-0000-0000-000000000004'
);

-- Создать тестовые заметки
INSERT INTO notes (id, title, content, created_at, updated_at) VALUES
('a0000000-0000-0000-0000-000000000001', 'Note A - Start', 'This is the starting note A', NOW(), NOW()),
('a0000000-0000-0000-0000-000000000002', 'Note B - Bridge 1', 'This is bridge note B', NOW(), NOW()),
('a0000000-0000-0000-0000-000000000003', 'Note C - Bridge 2', 'This is bridge note C', NOW(), NOW()),
('a0000000-0000-0000-0000-000000000004', 'Note D - Target', 'This is the target note D', NOW(), NOW());

-- Создать связи
INSERT INTO links (source_note_id, target_note_id, weight, created_at) VALUES
('a0000000-0000-0000-0000-000000000001', 'a0000000-0000-0000-0000-000000000002', 0.8, NOW()),
('a0000000-0000-0000-0000-000000000001', 'a0000000-0000-0000-0000-000000000003', 0.5, NOW()),
('a0000000-0000-0000-0000-000000000002', 'a0000000-0000-0000-0000-000000000004', 0.9, NOW()),
('a0000000-0000-0000-0000-000000000003', 'a0000000-0000-0000-0000-000000000004', 0.9, NOW());

-- Добавить эмбеддинги (для семантического поиска)
INSERT INTO note_embeddings (note_id, embedding, created_at, updated_at) VALUES
('a0000000-0000-0000-0000-000000000001', array_fill(0.1, ARRAY[384])::vector, NOW(), NOW()),
('a0000000-0000-0000-0000-000000000002', array_fill(0.2, ARRAY[384])::vector, NOW(), NOW()),
('a0000000-0000-0000-0000-000000000003', array_fill(0.3, ARRAY[384])::vector, NOW(), NOW()),
('a0000000-0000-0000-0000-000000000004', array_fill(0.4, ARRAY[384])::vector, NOW(), NOW());

-- Проверить данные
SELECT n.id, n.title, l.target_note_id, l.weight
FROM notes n
LEFT JOIN links l ON n.id = l.source_note_id
WHERE n.id IN (
    'a0000000-0000-0000-0000-000000000001',
    'a0000000-0000-0000-0000-000000000002',
    'a0000000-0000-0000-0000-000000000003',
    'a0000000-0000-0000-0000-000000000004'
)
ORDER BY n.id;
